Il perd sa fille dans jn magasin ğŸ¥º | #avvision ;https://www.tiktok.com/@av_vision/video/7337196058155453728
Ce qui compte ce nâ€™est pas la taille du chien dans le combat mais la taille du combat dans le chien ğŸ’¡â˜ï¸ |#avvision #determination #motivation ;https://www.tiktok.com/@av_vision/video/7336835272321142049
Il lui manquait 1â‚¬ pour payer son repas.. | #avvision #film ;https://www.tiktok.com/@av_vision/video/7336454508018470177
Coup de foudre en plein vol ğŸ˜»âœˆï¸ | #avvision #film ;https://www.tiktok.com/@av_vision/video/7336308776363937057
En quÃªte de justice | #avvision ;https://www.tiktok.com/@av_vision/video/7336113844974013729
Elle fait ses courses gratuitement | #avvision ;https://www.tiktok.com/@av_vision/video/7336095598644366625
Houdini, maÃ®tre de lâ€™Ã©vasion | #avvision ;https://www.tiktok.com/@av_vision/video/7335781957218979105
Le meilleur ami de lâ€™homme ğŸ•| #avvision #film #chien;https://www.tiktok.com/@av_vision/video/7335711171372256545
2 soeurs se retrouvent enfermÃ©es dans une piscine ğŸ˜¨ | #avvision #film ;https://www.tiktok.com/@av_vision/video/7335571334484741408
Un nouveau type de policier dans nos rues? ğŸ¤” | #avvision #film ;https://www.tiktok.com/@av_vision/video/7335175425355828512
Et si la science rejoignait la science-fiction? | #avvision #film ;https://www.tiktok.com/@av_vision/video/7335036059883031841
Une gymnaste pro passe un test pour devenir pompom girl | #avvision #film ;https://www.tiktok.com/@av_vision/video/7334821937597730080
CoincÃ© dans une piscine de 10m de profondeur ğŸ¥º| #avvision ;https://www.tiktok.com/@av_vision/video/7334766383135231264
Une astronaute lutte pour sa survie dans lâ€™espace | #avvision #film ;https://www.tiktok.com/@av_vision/video/7334658773014809889
Dans le futur, les riches nâ€™ont plus besoin de courir.. | #avvision #film ;https://www.tiktok.com/@av_vision/video/7334436746601434401
PrÃªt Ã  tout pour revoir sa mÃ¨re ğŸ¥ºğŸ’” part4 (contexte voir part1,2,3) | #avvision ;https://www.tiktok.com/@av_vision/video/7334354727100026144
Il est pret Ã  tout pour revoir sa mÃ¨re ğŸ¥º | Part.3 | #avvision ;https://www.tiktok.com/@av_vision/video/7334255695015054624
Un futur pas si lointain que Ã§aâ€¦ ğŸ’¡Part2 | #avvision #film ;https://www.tiktok.com/@av_vision/video/7334046507022257440
Ces magiciens sâ€™associent pour commettre un vol | #avvision #film ;https://www.tiktok.com/@av_vision/video/7333482750416080161
4 magiciens vont sâ€™associer pour commettre un vol | #avvision #film ;https://www.tiktok.com/@av_vision/video/7333360387737324832
Elle rÃ©alise une robe Ã  partir de haricots dâ€™or ğŸ‘˜ | #avvision #film ;https://www.tiktok.com/@av_vision/video/7333287996591967520
Part2 | Il dÃ©couvre quâ€™il vient dâ€™une famille trÃ¨s riche | #avvision ;https://www.tiktok.com/@av_vision/video/7332369185437142305
Ce plongeur dÃ©couvre des trÃ©sors au fond de la mer | #avvision #film ;https://www.tiktok.com/@av_vision/video/7332171092997590305
Un opportuniste impitoyable prÃªt Ã  tout pour reussir | #avvision #film ;https://www.tiktok.com/@av_vision/video/7331793324463967521
Son corps fond aprÃ¨s avoir bu un cafÃ© ğŸ˜³ | #avvision ;https://www.tiktok.com/@av_vision/video/7331499045770366240
Contraint de pousser un moulin pour rester en vieâ€¦ ğŸ¥º | #avvision #film ;https://www.tiktok.com/@av_vision/video/7331450406855298337
Une prison de 333 Ã©tages avec 2 personnes par Ã©tage. 333 x 2= â€¦ | #avvision #film ;https://www.tiktok.com/@av_vision/video/7331319087710178592
Cette petite fille rÃ©alise des miracles ğŸ¥¹ | #avvision;https://www.tiktok.com/@av_vision/video/7331091395459009825
Malheur Ã  celui qui se fie Ã  un etranger ğŸ¤¥ | #avvision #film ;https://www.tiktok.com/@av_vision/video/7330316789894630689
Il va dÃ©couvrir quâ€™il nest pas comme les autres.. | #avvision #film ;https://www.tiktok.com/@av_vision/video/7330170959464254753
Ce tireur dâ€™Ã©lite est unique au monde | #avvision ;https://www.tiktok.com/@av_vision/video/7329783594665266465
CoincÃ©s avec un tigre affamÃ© depuis 2 semaines ğŸ¥¶ | #avvision #film ;https://www.tiktok.com/@av_vision/video/7329571813934009632
Une fille au QI Ã©levÃ© dans le viseur dun tireur dâ€™Ã©lite | #avvision #film ;https://www.tiktok.com/@av_vision/video/7329426417190554913
Il est restÃ© coincÃ© Ã  lâ€™aÃ©roport et y a vÃ©cu 18 ans ğŸ˜³ | #avvision #film ;https://www.tiktok.com/@av_vision/video/7329233759318838560
Il passe dâ€™ouvrier dans le bÃ¢timent Ã  star de la NBA | #avvision #film ;https://www.tiktok.com/@av_vision/video/7329034039799713057
Il vole un objet dâ€™une valeur dâ€™1 milliard $ | #avvision #film ;https://www.tiktok.com/@av_vision/video/7328728156565671201
Ce voleur a 180 de QI et vol 5 milliards ğŸ˜± | #avvision #film ;https://www.tiktok.com/@av_vision/video/7328463179271441697
Un miroir effrayant qui cache une autre Ã¢me ğŸ¥¶ | #avvision ;https://www.tiktok.com/@av_vision/video/7328279454420094241
Il dÃ©cide dâ€™arreter de boire et de devenir pompier apres avoir appris quâ€™il etait pÃ¨re ğŸ«¶ | #avvision #film ;https://www.tiktok.com/@av_vision/video/7328186141046246688
Elle dÃ©couvre la cause de sa propre ğŸ’€ | #avvision ;https://www.tiktok.com/@av_vision/video/7327932754404887841
Elle casse le feu arriÃ¨re pour appeller Ã  lâ€™aide ğŸ¥º | #avvision #film ;https://www.tiktok.com/@av_vision/video/7327183272151141664
Cette fille dÃ©tient un puissant pouvoir en elle. | #avvision ;https://www.tiktok.com/@av_vision/video/7326504928183094561
CondamnÃ© Ã  10 ans de prison, il nÃ©gocie avec le FBI pour rÃ©duire sa peine | #avvision ;https://www.tiktok.com/@av_vision/video/7326234691730804001
Elle perd sa ğŸ’ et promet 3000$ de rÃ©compense | #avvision ;https://www.tiktok.com/@av_vision/video/7326216856702962977
ForcÃ© de travailler avec des braqueurs pour effacer sa dette | #avvision ;https://www.tiktok.com/@av_vision/video/7325707923697437984
La 1ere fois que KingKong a eu peur ğŸ¦ | #avvision ;https://www.tiktok.com/@av_vision/video/7325421628576288032
Un Ã©lÃ¨ve est suspectÃ© de vendre de la drogue dans son lycÃ©e | #avvision ;https://www.tiktok.com/@av_vision/video/7324960375072492832
Lâ€™Examen le plus dificile du monde â˜ï¸ğŸ’¡ | #avvision #film ;https://www.tiktok.com/@av_vision/video/7324849183582670112
